454 Software Release,2.3

dateOfFile,2009/11/24 12:47:38
rigRunName,R_2009_11_24_12_47_38_FLX12080456_Administrator_Eva_BreeShotgun
analysisName,D_2009_12_01_21_11_02_compute-0-1_fullProcessing
region,1
totalRawWells,841469
totalKeyPass,830911

keySequence,CATG
numKeyPass,10725
numDotFailed,67
numMixedFailed,296
numTrimmedTooShortQuality,998
numTrimmedTooShortPrimer,0
totalPassedFiltering,9364

keySequence,TCAG
numKeyPass,820186
numDotFailed,19159
numMixedFailed,60360
numTrimmedTooShortQuality,183418
numTrimmedTooShortPrimer,813
totalPassedFiltering,556436


region,2
totalRawWells,834798
totalKeyPass,820570

keySequence,CATG
numKeyPass,8783
numDotFailed,146
numMixedFailed,244
numTrimmedTooShortQuality,721
numTrimmedTooShortPrimer,0
totalPassedFiltering,7672

keySequence,TCAG
numKeyPass,811787
numDotFailed,25331
numMixedFailed,40889
numTrimmedTooShortQuality,192286
numTrimmedTooShortPrimer,967
totalPassedFiltering,552314

